1901CS77, 5, CS303, CORE
1901CS04, 5, CS303, CORE
1901CS05, 5, CS303, CORE
1901CS07, 5, CS303, CORE
1901CS08, 5, CS303, CORE
1901CS09, 5, CS303, CORE
1901CS11, 5, CS303, CORE
1901CS12, 5, CS303, CORE
1901CS13, 5, CS303, CORE
1901CS15, 5, CS303, CORE
1901CS16, 5, CS303, CORE
1901CS18, 5, CS303, CORE
1901CS19, 5, CS303, CORE
1901CS21, 5, CS303, CORE
1901CS22, 5, CS303, CORE
1901CS23, 5, CS303, CORE
1901CS24, 5, CS303, CORE
1901CS25, 5, CS303, CORE
1901CS26, 5, CS303, CORE
1901CS28, 5, CS303, CORE
1901CS29, 5, CS303, CORE
1901CS30, 5, CS303, CORE
1901CS32, 5, CS303, CORE
1901CS34, 5, CS303, CORE
1901CS35, 5, CS303, CORE
1901CS36, 5, CS303, CORE
1901CS39, 5, CS303, CORE
1901CS41, 5, CS303, CORE
1901CS42, 5, CS303, CORE
1901CS45, 5, CS303, CORE
1901CS46, 5, CS303, CORE
1901CS50, 5, CS303, CORE
1901CS51, 5, CS303, CORE
1901CS53, 5, CS303, CORE
1901CS54, 5, CS303, CORE
1901CS57, 5, CS303, CORE
1901CS59, 5, CS303, CORE
1901CS60, 5, CS303, CORE
1901CS61, 5, CS303, CORE
1901CS62, 5, CS303, CORE
1901CS63, 5, CS303, CORE
1901CS64, 5, CS303, CORE
1901CS67, 5, CS303, CORE
1901CS68, 5, CS303, CORE
1901CS69, 5, CS303, CORE
1901CS70, 5, CS303, CORE
1901CS71, 5, CS303, CORE
1901CS72, 5, CS303, CORE
1901CS75, 5, CS303, CORE
1901CS76, 5, CS303, CORE
1901CS78, 5, CS303, CORE
1901CS79, 5, CS303, CORE
1901CS01, 5, CS303, CORE
1901CS02, 5, CS303, CORE
1901CS03, 5, CS303, CORE
1901CS06, 5, CS303, CORE
1901CS10, 5, CS303, CORE
1901CS14, 5, CS303, CORE
1901CS17, 5, CS303, CORE
1901CS20, 5, CS303, CORE
1901CS27, 5, CS303, CORE
1901CS31, 5, CS303, CORE
1901CS33, 5, CS303, CORE
1901CS37, 5, CS303, CORE
1901CS38, 5, CS303, CORE
1901CS40, 5, CS303, CORE
1901CS43, 5, CS303, CORE
1901CS44, 5, CS303, CORE
1901CS48, 5, CS303, CORE
1901CS49, 5, CS303, CORE
1901CS52, 5, CS303, CORE
1901CS55, 5, CS303, CORE
1901CS56, 5, CS303, CORE
1901CS58, 5, CS303, CORE
1901CS65, 5, CS303, CORE
1901CS66, 5, CS303, CORE
1901CS73, 5, CS303, CORE
1901CS74, 5, CS303, CORE
1901CS77, 5, CS303, CORE
